{"test/direct_sat_rate":[[2,0.3]],"test/plan_clause_rate":[[2,0.8575396825396826]],"test/plan_sat_rate":[[2,0.4]],"train/samples_per_sec":[[1,0.4005664392234752],[2,11.704577123498431]],"val/loss":[[2,0.6572688579559326]],"train/loss":[[1,0.5908938646316528],[2,0.3978646397590637]],"train/epoch_seconds":[[1,74.89394283294678],[2,2.5630998611450195]],"train/loss_ma":[[1,0.5908938646316528],[2,0.4943792521953583]],"test/direct_clause_rate":[[2,0.8409126984126984]],"train/epoch_loss":[[1,0.5908938725789388],[2,0.39786462783813475]]}