{"train/samples_per_sec":[[10,6.827687967583302],[20,7.89288410090856],[30,7.111987392561921],[40,5.79125635679746],[50,6.078291296749599],[60,6.482011450167207],[70,5.839129633101944],[80,5.870781757469045],[90,5.967857717840246],[100,6.6923160616990645],[110,5.292960982330624],[120,5.308776112532631],[130,6.087907924797366],[140,5.986612512446405],[150,6.922858417229725],[160,6.957629470899847],[170,6.845408348899679],[180,6.243741948404487],[190,6.827967062477003],[200,6.752691756441611],[210,6.706618451092252],[220,6.003838485051332],[230,5.966607627675769],[240,6.478335574569264],[250,6.874864907795877],[260,7.235987960216337],[270,7.14894516386073],[280,6.94095629792099],[290,6.109044364338031],[300,6.440229091754698]],"val/loss":[[100,0.48692903518676756],[200,0.4389064441124598],[300,0.41395812133948007]],"train/loss":[[1,0.7148513793945312],[2,0.41078680753707886],[3,0.39116185903549194],[4,0.370040625333786],[5,0.37653619050979614],[6,0.3706502616405487],[7,0.3523058295249939],[8,0.36417534947395325],[9,0.3510105609893799],[10,0.3469557464122772],[11,0.3550201952457428],[12,0.3377929627895355],[13,0.34444546699523926],[14,0.3342588543891907],[15,0.3165965676307678],[16,0.3359699249267578],[17,0.32515183091163635],[18,0.31952548027038574],[19,0.3052098751068115],[20,0.2893296778202057],[21,0.2694654166698456],[22,0.35924381017684937],[23,0.29512375593185425],[24,0.3173655867576599],[25,0.30913060903549194],[26,0.30536165833473206],[27,0.29721230268478394],[28,0.3095344007015228],[29,0.2825441360473633],[30,0.2793048322200775],[31,0.28606897592544556],[32,0.26295697689056396],[33,0.3194712996482849],[34,0.31266626715660095],[35,0.2809157371520996],[36,0.29491713643074036],[37,0.2722563147544861],[38,0.2723120152950287],[39,0.2824889123439789],[40,0.2848125994205475],[41,0.2548559606075287],[42,0.27582722902297974],[43,0.26886844635009766],[44,0.2972683608531952],[45,0.2644050419330597],[46,0.2598632276058197],[47,0.25818392634391785],[48,0.31893622875213623],[49,0.27238231897354126],[50,0.34346330165863037],[51,0.2754811644554138],[52,0.25747570395469666],[53,0.26257142424583435],[54,0.2715946435928345],[55,0.24476945400238037],[56,0.25607582926750183],[57,0.3029225468635559],[58,0.29745084047317505],[59,0.24340873956680298],[60,0.26043006777763367],[61,0.2513606548309326],[62,0.2669226825237274],[63,0.24481108784675598],[64,0.2862608730792999],[65,0.29020217061042786],[66,0.25894060730934143],[67,0.25502467155456543],[68,0.2924017310142517],[69,0.2670205533504486],[70,0.27337703108787537],[71,0.25376075506210327],[72,0.24298112094402313],[73,0.22945564985275269],[74,0.26192936301231384],[75,0.2909499406814575],[76,0.25283217430114746],[77,0.2747466564178467],[78,0.2599211037158966],[79,0.27275022864341736],[80,0.26466143131256104],[81,0.2437530905008316],[82,0.2622014880180359],[83,0.27398598194122314],[84,0.23796217143535614],[85,0.25498685240745544],[86,0.2527986466884613],[87,0.2855362892150879],[88,0.22837133705615997],[89,0.2754969000816345],[90,0.29928699135780334],[91,0.23838059604167938],[92,0.21542984247207642],[93,0.2566100060939789],[94,0.2575916051864624],[95,0.2793424427509308],[96,0.2631714642047882],[97,0.2560972571372986],[98,0.2933947741985321],[99,0.2709503471851349],[100,0.21438950300216675],[101,0.22451844811439514],[102,0.25164794921875],[103,0.2439965456724167],[104,0.26857250928878784],[105,0.2558010220527649],[106,0.27244091033935547],[107,0.2469007521867752],[108,0.2475171983242035],[109,0.2338496744632721],[110,0.28579702973365784],[111,0.2408030480146408],[112,0.24433588981628418],[113,0.25426363945007324],[114,0.2325945645570755],[115,0.23077136278152466],[116,0.279499351978302],[117,0.23964768648147583],[118,0.22943110764026642],[119,0.2841382622718811],[120,0.31165584921836853],[121,0.22516393661499023],[122,0.24373582005500793],[123,0.2187536507844925],[124,0.27928626537323],[125,0.2657809257507324],[126,0.24020954966545105],[127,0.24217534065246582],[128,0.2595529556274414],[129,0.24175937473773956],[130,0.2365504950284958],[131,0.2672685384750366],[132,0.255227655172348],[133,0.23073886334896088],[134,0.2248682677745819],[135,0.22011850774288177],[136,0.25616416335105896],[137,0.26518714427948],[138,0.24348615109920502],[139,0.2513453960418701],[140,0.24134112894535065],[141,0.24181561172008514],[142,0.22504989802837372],[143,0.2304384857416153],[144,0.25585493445396423],[145,0.21605433523654938],[146,0.23618005216121674],[147,0.25020846724510193],[148,0.2775700092315674],[149,0.23806634545326233],[150,0.27244260907173157],[151,0.21356560289859772],[152,0.25041982531547546],[153,0.26072046160697937],[154,0.2362300306558609],[155,0.24772733449935913],[156,0.22252866625785828],[157,0.23321533203125],[158,0.2528533637523651],[159,0.2384587824344635],[160,0.25719597935676575],[161,0.25064337253570557],[162,0.24816522002220154],[163,0.24075379967689514],[164,0.24420951306819916],[165,0.2004583328962326],[166,0.23211824893951416],[167,0.23956769704818726],[168,0.25511300563812256],[169,0.2352720946073532],[170,0.24340850114822388],[171,0.24526628851890564],[172,0.21419280767440796],[173,0.24932189285755157],[174,0.22671596705913544],[175,0.2462048977613449],[176,0.2263563871383667],[177,0.2680083215236664],[178,0.2568760812282562],[179,0.23100078105926514],[180,0.20141856372356415],[181,0.22398468852043152],[182,0.2344965934753418],[183,0.22140175104141235],[184,0.23491039872169495],[185,0.20456431806087494],[186,0.2535721957683563],[187,0.20759369432926178],[188,0.25137630105018616],[189,0.24776946008205414],[190,0.27099427580833435],[191,0.22148731350898743],[192,0.22139155864715576],[193,0.20689304172992706],[194,0.21129457652568817],[195,0.2373800426721573],[196,0.25059109926223755],[197,0.24316972494125366],[198,0.2524731159210205],[199,0.26044073700904846],[200,0.23206399381160736],[201,0.22489646077156067],[202,0.2104104459285736],[203,0.22549061477184296],[204,0.21191197633743286],[205,0.20584814250469208],[206,0.27308690547943115],[207,0.24850378930568695],[208,0.22667929530143738],[209,0.22786295413970947],[210,0.22738675773143768],[211,0.2570207715034485],[212,0.22639530897140503],[213,0.2096710503101349],[214,0.1947823315858841],[215,0.23429295420646667],[216,0.2327626645565033],[217,0.21622271835803986],[218,0.25343844294548035],[219,0.24847133457660675],[220,0.20929361879825592],[221,0.2229422628879547],[222,0.20924867689609528],[223,0.23180407285690308],[224,0.22171370685100555],[225,0.22284409403800964],[226,0.26290497183799744],[227,0.2389144003391266],[228,0.21801576018333435],[229,0.18359427154064178],[230,0.25472941994667053],[231,0.2152239978313446],[232,0.24764692783355713],[233,0.22839127480983734],[234,0.20702135562896729],[235,0.2083900421857834],[236,0.23959197103977203],[237,0.2220585197210312],[238,0.20341262221336365],[239,0.24379298090934753],[240,0.29314133524894714],[241,0.22276997566223145],[242,0.23771625757217407],[243,0.21237793564796448],[244,0.2089865803718567],[245,0.23539063334465027],[246,0.2129693478345871],[247,0.18866336345672607],[248,0.22974202036857605],[249,0.22441330552101135],[250,0.2082241028547287],[251,0.19519567489624023],[252,0.2228768914937973],[253,0.18709036707878113],[254,0.20955339074134827],[255,0.19895656406879425],[256,0.21805112063884735],[257,0.2326897233724594],[258,0.20099900662899017],[259,0.24694988131523132],[260,0.25604447722435],[261,0.21381869912147522],[262,0.22131496667861938],[263,0.1905057579278946],[264,0.2180117517709732],[265,0.17020843923091888],[266,0.23283380270004272],[267,0.22341850399971008],[268,0.22765325009822845],[269,0.2269359529018402],[270,0.2634553611278534],[271,0.1950187087059021],[272,0.17582659423351288],[273,0.24336382746696472],[274,0.22208556532859802],[275,0.203343465924263],[276,0.21772105991840363],[277,0.21963822841644287],[278,0.1793680191040039],[279,0.21807096898555756],[280,0.22284257411956787],[281,0.18839877843856812],[282,0.2338552325963974],[283,0.20900343358516693],[284,0.2064400464296341],[285,