{"val/loss":[[9,0.05594910904765129]],"train/loss":[[1,2.3764684200286865],[2,0.07206042855978012],[3,0.06157037615776062],[4,0.059994496405124664],[5,0.06354663521051407],[6,0.06601092964410782],[7,0.05538437142968178],[8,0.05240180715918541],[9,0.06494436413049698]],"train/loss_ma":[[1,2.3764684200286865],[2,1.2242644242942333],[3,0.8366997415820757],[4,0.642523430287838],[5,0.5267280712723732],[6,0.44994188100099564],[7,0.39357652249080793],[8,0.3509296830743551],[9,0.31915353652503753]],"train/epoch_loss":[[3,1.040681153535843],[6,0.06244009733200073],[9,0.055638027818579426]]}