{"test/direct_accuracy":[[5,0.0]],"test/plan_recall":[[5,0.13333333333333333]],"test/direct_recall":[[5,0.1]],"train/samples_per_sec":[[1,0.6790996636295944],[2,8.459449118810745],[3,4.786475500733297],[4,10.696771194055945],[5,5.7334532523335575]],"val/loss":[[2,0.6775898694992065],[4,0.6714264512062073],[5,0.6685043334960937]],"train/loss":[[1,0.6299376487731934],[2,0.6046378016471863],[3,0.4687059819698334],[4,0.4773402214050293],[5,0.4257490038871765]],"train/epoch_seconds":[[1,29.45075821876526],[2,2.364220142364502],[3,4.1784398555755615],[4,1.8697230815887451],[5,3.4882991313934326]],"train/loss_ma":[[1,0.6299376487731934],[2,0.6172877252101898],[3,0.5677604774634043],[4,0.5451554134488106],[5,0.5212741315364837]],"test/plan_accuracy":[[5,0.0]],"train/epoch_loss":[[1,0.6299376487731934],[2,0.6046378135681152],[3,0.46870598793029783],[4,0.4773402214050293],[5,0.4257490158081055]]}