{"test/direct_accuracy":[[6,0.0]],"test/plan_recall":[[6,0.0]],"test/direct_recall":[[6,0.0]],"train/samples_per_sec":[[2,1.0980065013713693],[4,4.0927385190563275],[6,9.272756013092343]],"val/loss":[[6,0.6673062205314636]],"train/loss":[[1,0.6505878567695618],[2,0.5429565906524658],[3,0.4981822371482849],[4,0.47505882382392883],[5,0.5000817179679871],[6,0.47116783261299133]],"train/epoch_seconds":[[2,45.537070989608765],[4,12.216758966445923],[6,5.39214015007019]],"train/loss_ma":[[1,0.6505878567695618],[2,0.5967722237110138],[3,0.5639088948567709],[4,0.5416963770985603],[5,0.5333734452724457],[6,0.5230058431625366]],"test/plan_accuracy":[[6,0.0]],"train/epoch_loss":[[2,0.6118406105041504],[4,0.48985780715942384],[6,0.4896727180480957]]}