{"train/samples_per_sec":[[10,4.257164885168459],[20,6.703107577718209],[30,6.0719051980533445],[40,6.315433966024655],[50,6.702902867322458],[60,6.925655406577426],[70,6.932422975630735],[80,7.0447909688182655],[90,6.561565706592982],[100,7.081129267428109],[110,6.622413638080243],[120,7.302612028469835],[130,7.052911691334131],[140,7.09027179338018],[150,6.994028898475655],[160,6.331619966436997],[170,6.054680892194722],[180,6.634176181531816],[190,6.820515029836046],[200,6.702552142816591],[210,7.21202633949252],[220,7.105929663906038],[230,6.635368370169008],[240,7.031525657550459],[250,7.029806448124584],[260,6.921809819208468],[270,6.973372779818972],[280,6.884460690759434],[290,7.106332262985967],[300,6.240484038398562]],"val/loss":[[100,0.6036360661188761],[200,0.6425022979577383],[300,0.65184392730395]],"train/loss":[[1,0.8420162796974182],[2,0.5726600885391235],[3,0.5178844332695007],[4,0.49254095554351807],[5,0.5102699398994446],[6,0.4896170496940613],[7,0.48366624116897583],[8,0.4913429617881775],[9,0.45154449343681335],[10,0.45871126651763916],[11,0.45964404940605164],[12,0.45212456583976746],[13,0.45251935720443726],[14,0.45288893580436707],[15,0.4559597969055176],[16,0.45067596435546875],[17,0.4478048086166382],[18,0.45476117730140686],[19,0.43411993980407715],[20,0.4580177366733551],[21,0.4180208444595337],[22,0.4303573668003082],[23,0.43943795561790466],[24,0.43853554129600525],[25,0.41777706146240234],[26,0.4292873740196228],[27,0.42544472217559814],[28,0.4091626703739166],[29,0.438446968793869],[30,0.4120567739009857],[31,0.42568671703338623],[32,0.4085306227207184],[33,0.43584656715393066],[34,0.40022411942481995],[35,0.3975166976451874],[36,0.41384366154670715],[37,0.4166664183139801],[38,0.41160255670547485],[39,0.4128538966178894],[40,0.40181228518486023],[41,0.4043330252170563],[42,0.38833382725715637],[43,0.38449713587760925],[44,0.401373952627182],[45,0.42644861340522766],[46,0.3798670768737793],[47,0.36496269702911377],[48,0.38395750522613525],[49,0.37888288497924805],[50,0.4248964786529541],[51,0.3761487603187561],[52,0.38720524311065674],[53,0.40145614743232727],[54,0.3840584456920624],[55,0.37604379653930664],[56,0.36424463987350464],[57,0.39431801438331604],[58,0.35470065474510193],[59,0.37358441948890686],[60,0.34632694721221924],[61,0.3491387665271759],[62,0.36208057403564453],[63,0.3662475347518921],[64,0.35406258702278137],[65,0.4092208445072174],[66,0.35338467359542847],[67,0.3720194101333618],[68,0.3533093333244324],[69,0.3879147469997406],[70,0.3007895052433014],[71,0.3445926308631897],[72,0.3515046238899231],[73,0.3059917688369751],[74,0.33868107199668884],[75,0.35309287905693054],[76,0.35847726464271545],[77,0.33582714200019836],[78,0.35719701647758484],[79,0.32694771885871887],[80,0.3219640254974365],[81,0.34657713770866394],[82,0.31907257437705994],[83,0.3291882276535034],[84,0.32866495847702026],[85,0.2909260392189026],[86,0.3916160762310028],[87,0.32745203375816345],[88,0.3267635405063629],[89,0.3275661766529083],[90,0.31367871165275574],[91,0.33242952823638916],[92,0.28883466124534607],[93,0.2891503572463989],[94,0.35336926579475403],[95,0.3273971676826477],[96,0.31066375970840454],[97,0.29258230328559875],[98,0.30776554346084595],[99,0.31363481283187866],[100,0.3386986553668976],[101,0.2799687385559082],[102,0.32425954937934875],[103,0.2965207099914551],[104,0.3220343589782715],[105,0.31063494086265564],[106,0.28054457902908325],[107,0.29919564723968506],[108,0.32432445883750916],[109,0.31209906935691833],[110,0.35792720317840576],[111,0.2781672775745392],[112,0.3009308874607086],[113,0.2805112302303314],[114,0.31423434615135193],[115,0.3120318651199341],[116,0.29947608709335327],[117,0.28689706325531006],[118,0.3101188838481903],[119,0.2979927659034729],[120,0.32299357652664185],[121,0.2712850868701935],[122,0.29800689220428467],[123,0.3099975287914276],[124,0.31725096702575684],[125,0.3135039508342743],[126,0.3234325051307678],[127,0.3096356689929962],[128,0.27909839153289795],[129,0.31867748498916626],[130,0.30126211047172546],[131,0.27736955881118774],[132,0.29761359095573425],[133,0.308467298746109],[134,0.2684424817562103],[135,0.27777352929115295],[136,0.300364226102829],[137,0.3005017340183258],[138,0.3332515060901642],[139,0.2937910258769989],[140,0.3202052712440491],[141,0.2821841239929199],[142,0.31103935837745667],[143,0.2944367229938507],[144,0.28508615493774414],[145,0.30958107113838196],[146,0.2974405884742737],[147,0.2861844599246979],[148,0.3066324293613434],[149,0.31839901208877563],[150,0.2846560478210449],[151,0.27249589562416077],[152,0.2748890519142151],[153,0.3173622786998749],[154,0.30109739303588867],[155,0.3076053261756897],[156,0.27432888746261597],[157,0.338882714509964],[158,0.2768709659576416],[159,0.29505228996276855],[160,0.262740820646286],[161,0.2827214300632477],[162,0.3687325417995453],[163,0.39437687397003174],[164,0.2806701958179474],[165,0.2982502579689026],[166,0.3474174737930298],[167,0.36406007409095764],[168,0.3083189129829407],[169,0.28779613971710205],[170,0.26283156871795654],[171,0.2593747675418854],[172,0.30302101373672485],[173,0.3492526710033417],[174,0.3243425786495209],[175,0.33019140362739563],[176,0.3208187222480774],[177,0.30330196022987366],[178,0.3129163384437561],[179,0.2860950231552124],[180,0.36956989765167236],[181,0.3323265314102173],[182,0.31831449270248413],[183,0.3339053988456726],[184,0.32077887654304504],[185,0.37917035818099976],[186,0.3600795865058899],[187,0.31248506903648376],[188,0.31458184123039246],[189,0.30271145701408386],[190,0.3524750769138336],[191,0.31974124908447266],[192,0.32254400849342346],[193,0.361869752407074],[194,0.32693082094192505],[195,0.3152833878993988],[196,0.31356510519981384],[197,0.2765321135520935],[198,0.3165300488471985],[199,0.3205125629901886],[200,0.327136367559433],[201,0.30601221323013306],[202,0.32702919840812683],[203,0.2944713234901428],[204,0.3210640251636505],[205,0.40013885498046875],[206,0.3140436112880707],[207,0.310508131980896],[208,0.37715452909469604],[209,0.2992824912071228],[210,0.29842010140419006],[211,0.32064443826675415],[212,0.3608180284500122],[213,0.34509405493736267],[214,0.30882319808006287],[215,0.32882046699523926],[216,0.3337683379650116],[217,0.33562329411506653],[218,0.3431400656700134],[219,0.3587786853313446],[220,0.3659372329711914],[221,0.37345054745674133],[222,0.3611735999584198],[223,0.3786318600177765],[224,0.36026814579963684],[225,0.3831154406070709],[226,0.43747663497924805],[227,0.3397497832775116],[228,0.3061925172805786],[229,0.3151482343673706],[230,0.3193095028400421],[231,0.35273686051368713],[232,0.38164541125297546],[233,0.31649160385131836],[234,0.34079739451408386],[235,0.3622322380542755],[236,0.4328662157058716],[237,0.36848488450050354],[238,0.35087084770202637],[239,0.3593769669532776],[240,0.27004966139793396],[241,0.32500308752059937],[242,0.32196733355522156],[243,0.3897314965724945],[244,0.3929206132888794],[245,0.41436755657196045],[246,0.37287142872810364],[247,0.4064449667930603],[248,0.38213321566581726],[249,0.44303441047668457],[250,0.41373756527900696],[251,0.38693198561668396],[252,0.32770052552223206],[253,0.3626072406768799],[254,0.33157747983932495],[255,0.37904223799705505],[256,0.40077444911003113],[257,0.33721521496772766],[258,0.33528438210487366],[259,0.3018285930156708],[260,0.3623920679092407],[261,0.3198627531528473],[262,0.40035825967788696],[263,0.4220524728298187],[264,0.3774915039539337],[265,0.3978843688964844],[266,0.40895068645477295],[267,0.3729279935359955],[268,0.36921820044517517],[269,0.3237210810184479],[270,0.37378260493278503],[271,0.3547939360141754],[272,0.3392080068588257],[273,0.3498358726501465],[274,0.37638142704963684],[275,0.4051261246204376],[276,0.43166303634643555],[277,0.4293195903301239],[278,0.48509547114372253],[279,0.47206881642341614],[280,0.4225977957248688],[281,0.369629830121994],[282,0.3760324716567993],[283,0.36931830644607544],[284,0.39268484711647034],[285,0.4129602909088135],[286,