{"train/samples_per_sec":[[10,7.157128637287113],[20,7.705118951139272],[30,7.490613882037525],[40,6.12949676664714],[50,6.431118674927805],[60,6.528311565103888],[70,7.103845161626875],[80,7.4536933323566394],[90,6.388354724165003],[100,5.958641078050774],[110,6.239381745588414],[120,6.49687121546731],[130,6.193930489476479],[140,6.638428991998498],[150,6.150256053671235],[160,6.844380548849183],[170,6.941216165182219],[180,7.184562539045242],[190,7.079080037438654],[200,6.538307205928484],[210,6.681434707079829],[220,6.466095009784155],[230,6.039288121385443],[240,6.297004511069861],[250,6.789414286466067],[260,6.080218507852626],[270,6.340877976007428],[280,7.2680922712802785],[290,7.429530896681687],[300,6.373134021893244]],"val/loss":[[100,953542.770737203],[200,949946.1605099996],[300,953813.4160054525]],"train/loss":[[1,4.250120150042042e25],[2,2.69685728e8],[3,1.116768e9],[4,1.08770373926912e14],[5,3.90140985344e11],[6,4.7005430710272e13],[7,7.9333965824e10],[8,1.4692402367299584e16],[9,3.80201984e10],[10,9.404724e7],[11,4.552979e6],[12,4.250120150042042e25],[13,1.4801172414070784e16],[14,3.6065050624e10],[15,1.159959875e6],[16,3.32738688e9],[17,8.210688e7],[18,3.90114312192e11],[19,2.91843e7],[20,2.229643e7],[21,2.889576e7],[22,4.69466710016e11],[23,1.08770457812992e14],[24,4.250120150042042e25],[25,3.8009008128e10],[26,4.4129776e7],[27,6.826848e6],[28,2.40061984e8],[29,1.4692405588525056e16],[30,11640.42578125],[31,5.758598e6],[32,1.8394744e7],[33,4.250120150042042e25],[34,1.469241739968512e16],[35,3.35106336e8],[36,4.7039152914432e13],[37,4.2670168e7],[38,1.08771674161152e14],[39,4.72628133888e11],[40,1.16510375e6],[41,1.469241739968512e16],[42,7.4159965e6],[43,7.9425994752e10],[44,3.900432384e11],[45,9.030421e6],[46,4.7039282937856e13],[47,1.08775088324608e14],[48,4.250120150042042e25],[49,2.5836898e7],[50,1.564288375e6],[51,4.7002171736064e13],[52,6.3117032e7],[53,4.27732598784e11],[54,1.5269879e7],[55,4.322824e7],[56,7.9265611776e10],[57,3.74174375e6],[58,4.250120150042042e25],[59,1.08784877830144e14],[60,2.899979e7],[61,3.6044264e7],[62,8.2220679168e10],[63,1.08783778922496e14],[64,5.9716908e7],[65,1.097232256e9],[66,4.098736e7],[67,4.250120150042042e25],[68,9.5654728e7],[69,4.6984421441536e13],[70,5.24686592e8],[71,8.144052e7],[72,1.4801580435963904e16],[73,3.0066864e8],[74,7.8547542016e10],[75,3.88401004544e11],[76,9.2012824e7],[77,9.2686304e7],[78,4.250120150042042e25],[79,3.16740608e9],[80,1.25221382127616e14],[81,1.4693243107147776e16],[82,3.8147008e8],[83,3.3849739264e10],[84,7.7795680256e10],[85,4.250120150042042e25],[86,1.704600832e9],[87,1.08919842144256e14],[88,4.6913533509632e13],[89,1.527092736e9],[90,1.795449216e9],[91,1.5393472e9],[92,3.908435456e9],[93,4.59376197632e11],[94,1.469403338113024e16],[95,1.08913005428736e14],[96,1.392174848e9],[97,4.250120150042042e25],[98,3.5275395072e10],[99,4.6838765846528e13],[100,5.003677696e9],[101,1.4695430319243264e16],[102,4.250120150042042e25],[103,1.385060352e10],[104,4.6725226037248e13],[105,1.4222788608e10],[106,1.5706391552e10],[107,1.08025741312e11],[108,1.09606298714112e14],[109,1.4504810496e10],[110,1.4310593536e10],[111,4.1096306688e10],[112,1.424238592e10],[113,1.4551962624e10],[114,8.1223827456e10],[115,4.6724626251776e13],[116,1.5211600896e10],[117,1.402183168e10],[118,4.250120150042042e25],[119,1.4701394955075584e16],[120,3.97350912e10],[121,3.8348333056e10],[122,3.85936384e10],[123,3.7664780288e10],[124,6.2182166528e10],[125,3.8680518656e10],[126,3.8550274048e10],[127,4.6559156764672e13],[128,1.4701036325306368e16],[129,1.09975548461056e14],[130,1.1333653733445445e26],[131,4.13881499648e11],[132,9.821483008e10],[133,1.4706017413627904e16],[134,1.4510440448e11],[135,1.09618364416e11],[136,9.6638615552e10],[137,4.250120150042042e25],[138,2.11229769728e11],[139,1.107835224064e14],[140,1.22509278052352e14],[141,2.13574090752e11],[142,2.23078383616e11],[143,1.4712844264144896e16],[144,2.12349485056e11],[145,2.16914034688e11],[146,5.05863569408e11],[147,4.250120150042042e25],[148,4.0475394048e11],[149,4.5818400735232e13],[150,2.9745852973056e14],[151,1.4722125688471552e16],[152,6.8749819904e11],[153,1.11839706873856e14],[154,4.6573125632e11],[155,4.52570611712e11],[156,4.250120150042042e25],[157,7.84086990848e11],[158,4.5575038828544e13],[159,9.16339818496e11],[160,9.27462785024e11],[161,9.26612324352e11],[162,4.5590255763456e13],[163,4.250120150042042e25],[164,1.73941981184e12],[165,1.1541407596544e14],[166,1.689143476224e12],[167,1.676855476224e12],[168,1.750427500544e12],[169,1.4750230880714752e16],[170,1.530060079104e12],[171,1.631540740096e12],[172,1.687495114752e12],[173,1.722153435136e12],[174,4.250120150042042e25],[175,1.612093325312e14],[176,3.099460370432e12],[177,3.032091459584e12],[178,3.039407112192e12],[179,3.131206008832e12],[180,2.907772813312e12],[181,3.033756073984e12],[182,3.06828017664e12],[183,2.9802627072e12],[184,1.18593794605056e14],[185,3.050588340224e12],[186,1.4770554665959424e16],[187,4.5745465982976e13],[188,3.018186031104e12],[189,4.250120150042042e25],[190,4.791438671872e12],[191,1.22940444114944e14],[192,5.29422876672e12],[193,4.250119227704838e25],[194,8.752982392832e12],[195,9.402362888192e12],[196,8.872954691584e12],[197,4.8808520056832e13],[198,9.037821247488e12],[199,1.4831093303738368e16],[200,8.932287315968e12],[201,9.0647822336e12],[202,1.4830283702403072e16],[203,9.177153929216e12],[204,8.874349297664e12],[205,8.876585910272e12],[206,4.8643570663424e13],[207,9.0071105536e12],[208,4.250119227704838e25],[209,1.3767597359104e14],[210,1.5329133592576e13],[211,1.4831906193408e13],[212,1.4949656035328e13],[213,5.2568835227648e13],[214,1.38278367920128e14],[215,1.4871559411859456e16],[216,1.4260625211392e13],[217,1.5256195694592e13],[218,1.4822935625728e13],[219,1.4349659799552e13],[220,1.1333650966433834e26],[221,4.250119227704838e25],[222,6.4378711834624e13],[223,1.4963744442417152e16],[224,3.0121417244672e13],[225,3.1630888534016e13],[226,3.0905701761024e13],[227,1.62309381029888e14],[228,3.1256622399488e13],[229,3.1697055776768e13],[230,3.2115380977664e13],[231,3.2112746954752e13],[232,1.6095910035456e14],[233,2.9910802366464e13],[234,3.0839247208448e13],[235,3.0178759671808e13],[236,2.8806236602368e13],[237,6.3062111420416e13],[238,4.250119227704838e25],[239,1.5009067084808192e16],[240,4.088899043328e13],[241,1.7668782424064e14],[242,4.1419116904448e13],[243,4.2244027449344e13],[244,4.0376370987008e13],[245,4.2497250164736e13],[246,7.279478833152e13],[247,4.267607851008e13],[248,4.250118305367635e25],[249,1.5047167739691008e16],[250,6.0528667918336e13],[251,5.9425482080256e13],[252,6.061182418944e13],[253,1.5216400188571648e16],[254,5.934264877056e13],[255,5.9117175570432e13],[256,4.250118305367635e25],[257,7.860373159936e13],[258,8.0595321356288e13],[259,8.445067526144e13],[260,8.055341187072e13],[261,7.9347524304896e13],[262,4.250118305367635e25],[263,1.08132420288512e14],[264,1.3456409362432e14],[265,1.12240858497024e14],[266,1.10695291027456e14],[267,1.0541204504576e14],[268,1.12103646035968e14],[269,1.5254610365120512e16],[270,5.13081591463936e14],[271,1.1274243014656e14],[272,1.35253989523456e14],[273,1.12800722583552e14],[274,1.08188531687424e14],[275,1.05612885098496e14],[276,1.09705720496128e14],[277,2.62034260230144e14],[278,1.06366140153856e14],[279,4.250117383030431e25],[280,1.34806348234752e14],[281,4.250117383030431e25],[282,1.82844794077184e14],[283,2.06060585484288e14],[284,1.98910874222592e14],[285,1.98752262422528e14],[286,3.62540068503552e14],[287,1.92844602015744e14],[288,1.95900873900032e14],[289,1.84193246035968e14],[290,1.85764566532096e14],[291,1.93096377696256e14],[292,1.78218141220864e14],[293,3.63957340602368e14],[294,1.5496135703527424e16],[295,1.95431514505216e14],[296,1.88831810715648e14],[297,1.92552342913024e14],[298,4.250116460693227e25],[299,2.52482387181568e14],[300,2.47725056589824e14]],