{"train/samples_per_sec":[[10,7.599385290405446],[20,8.651706272387212],[30,8.306069096297653],[40,7.884712428872604],[50,8.03376152034487],[60,8.041393443720375],[70,7.571449700563708],[80,7.606370758176398],[90,6.804586094893572],[100,7.275117761119031],[110,7.736540492726205],[120,8.113978706547561],[130,8.254634565598671],[140,8.263578188923859],[150,8.092005673999976],[160,8.029459996756543],[170,8.032213493144456],[180,8.052826759394478],[190,7.97487509533094],[200,8.002422048579042],[210,7.994434162693114],[220,7.952514579564558],[230,7.952895774331405],[240,8.07647579387601],[250,7.988095793955331],[260,8.015662215351384],[270,8.32784295009245],[280,8.006428858010754],[290,8.213926156085064],[300,8.205198671041959]],"val/loss":[[100,0.5010250965754192],[200,0.4640580435593923],[300,0.43501686851183574]],"train/loss":[[1,0.8770012855529785],[2,0.41066455841064453],[3,0.3855118155479431],[4,0.36717864871025085],[5,0.3793787956237793],[6,0.37060436606407166],[7,0.35631000995635986],[8,0.36404943466186523],[9,0.3508267402648926],[10,0.3317999839782715],[11,0.3605639636516571],[12,0.33691754937171936],[13,0.3392316699028015],[14,0.3284296691417694],[15,0.3231411278247833],[16,0.3395030200481415],[17,0.31634220480918884],[18,0.32772693037986755],[19,0.31755053997039795],[20,0.3155740797519684],[21,0.3052279055118561],[22,0.35205766558647156],[23,0.3066016435623169],[24,0.3170417249202728],[25,0.3022744059562683],[26,0.3054048717021942],[27,0.3011949062347412],[28,0.30212751030921936],[29,0.2784236967563629],[30,0.28483131527900696],[31,0.2814876139163971],[32,0.27042195200920105],[33,0.31562530994415283],[34,0.3178018629550934],[35,0.2874634563922882],[36,0.2928459942340851],[37,0.2700815200805664],[38,0.28383949398994446],[39,0.2893727123737335],[40,0.2976694405078888],[41,0.25724735856056213],[42,0.2715218961238861],[43,0.26934728026390076],[44,0.29387611150741577],[45,0.26532018184661865],[46,0.2635132968425751],[47,0.2638324499130249],[48,0.32150572538375854],[49,0.27565157413482666],[50,0.34960803389549255],[51,0.26953354477882385],[52,0.2562459707260132],[53,0.27032116055488586],[54,0.27057865262031555],[55,0.24267050623893738],[56,0.2623002529144287],[57,0.31237947940826416],[58,0.2983666956424713],[59,0.2430228739976883],[60,0.2580408751964569],[61,0.2573396563529968],[62,0.2709207534790039],[63,0.2515014410018921],[64,0.2828679084777832],[65,0.28712502121925354],[66,0.25315234065055847],[67,0.2524554431438446],[68,0.2958550751209259],[69,0.26983049511909485],[70,0.2673756182193756],[71,0.25471609830856323],[72,0.2467239499092102],[73,0.2289624959230423],[74,0.25381675362586975],[75,0.2943865954875946],[76,0.25327128171920776],[77,0.28300437331199646],[78,0.2594664394855499],[79,0.27565687894821167],[80,0.2709265947341919],[81,0.2474147230386734],[82,0.26514336466789246],[83,0.2723500430583954],[84,0.23021851480007172],[85,0.25558531284332275],[86,0.25607195496559143],[87,0.28533852100372314],[88,0.23286080360412598],[89,0.27740558981895447],[90,0.30413198471069336],[91,0.23882175981998444],[92,0.21633735299110413],[93,0.2561992406845093],[94,0.2618679404258728],[95,0.2882823348045349],[96,0.2533392906188965],[97,0.2518433630466461],[98,0.2950036823749542],[99,0.2704581022262573],[100,0.22950945794582367],[101,0.22541199624538422],[102,0.24834980070590973],[103,0.2457566261291504],[104,0.2730827331542969],[105,0.2522660493850708],[106,0.27100807428359985],[107,0.25571444630622864],[108,0.2473272979259491],[109,0.2410605549812317],[110,0.27636364102363586],[111,0.24652400612831116],[112,0.24883443117141724],[113,0.2570893168449402],[114,0.232964888215065],[115,0.23071706295013428],[116,0.28307226300239563],[117,0.23996447026729584],[118,0.22085988521575928],[119,0.2835814356803894],[120,0.3060300052165985],[121,0.22477009892463684],[122,0.23778976500034332],[123,0.23048554360866547],[124,0.27470242977142334],[125,0.26926934719085693],[126,0.23511762917041779],[127,0.2412344217300415],[128,0.2585296034812927],[129,0.2458311766386032],[130,0.2455553412437439],[131,0.262706995010376],[132,0.2563549280166626],[133,0.2318403720855713],[134,0.2366005778312683],[135,0.2170693576335907],[136,0.25631219148635864],[137,0.26017168164253235],[138,0.24309806525707245],[139,0.25221097469329834],[140,0.24207808077335358],[141,0.23771364986896515],[142,0.22848306596279144],[143,0.23491612076759338],[144,0.2610260844230652],[145,0.21451032161712646],[146,0.23978480696678162],[147,0.24703887104988098],[148,0.275396466255188],[149,0.2401362955570221],[150,0.2736448049545288],[151,0.20894554257392883],[152,0.2478739321231842],[153,0.2562752366065979],[154,0.23469756543636322],[155,0.2483089566230774],[156,0.2176438421010971],[157,0.24080604314804077],[158,0.2514052987098694],[159,0.2451673448085785],[160,0.25716090202331543],[161,0.24626143276691437],[162,0.24591919779777527],[163,0.23306046426296234],[164,0.244462788105011],[165,0.19787482917308807],[166,0.24186375737190247],[167,0.24581296741962433],[168,0.257826030254364],[169,0.24195262789726257],[170,0.246404230594635],[171,0.24341973662376404],[172,0.21662858128547668],[173,0.24676167964935303],[174,0.22924628853797913],[175,0.24568800628185272],[176,0.22666199505329132],[177,0.2700687348842621],[178,0.2478669285774231],[179,0.23535871505737305],[180,0.20028872787952423],[181,0.23256726562976837],[182,0.2261635661125183],[183,0.223562091588974],[184,0.23720233142375946],[185,0.20997805893421173],[186,0.2504886984825134],[187,0.20646902918815613],[188,0.2487669438123703],[189,0.24848487973213196],[190,0.2741502821445465],[191,0.22181233763694763],[192,0.2155803143978119],[193,0.20365439355373383],[194,0.21679241955280304],[195,0.23319588601589203],[196,0.2565337121486664],[197,0.24826274812221527],[198,0.25562748312950134],[199,0.2619493305683136],[200,0.23228459060192108],[201,0.22088511288166046],[202,0.21450993418693542],[203,0.223425954580307],[204,0.2116716057062149],[205,0.20795337855815887],[206,0.2736088037490845],[207,0.2543097138404846],[208,0.2299925833940506],[209,0.22594204545021057],[210,0.22276538610458374],[211,0.2542274594306946],[212,0.22884416580200195],[213,0.22236786782741547],[214,0.19964417815208435],[215,0.22484047710895538],[216,0.22799837589263916],[217,0.21386173367500305],[218,0.2536553144454956],[219,0.2500922381877899],[220,0.20802749693393707],[221,0.2302693873643875],[222,0.2051539421081543],[223,0.2352188527584076],[224,0.22192446887493134],[225,0.22565589845180511],[226,0.26075711846351624],[227,0.24001309275627136],[228,0.21766780316829681],[229,0.19143176078796387],[230,0.24929635226726532],[231,0.20822902023792267],[232,0.2469591349363327],[233,0.23207584023475647],[234,0.21201057732105255],[235,0.21167246997356415],[236,0.2405993789434433],[237,0.21656522154808044],[238,0.19777877628803253],[239,0.23524557054042816],[240,0.304620623588562],[241,0.2225172370672226],[242,0.23281270265579224],[243,0.21944482624530792],[244,0.2077684849500656],[245,0.23276183009147644],[246,0.21390695869922638],[247,0.19720996916294098],[248,0.23648810386657715],[249,0.23228909075260162],[250,0.20935730636119843],[251,0.19841699302196503],[252,0.23437964916229248],[253,0.1851232796907425],[254,0.21290740370750427],[255,0.19116902351379395],[256,0.2233765870332718],[257,0.23358194530010223],[258,0.20629432797431946],[259,0.24666188657283783],[260,0.24404920637607574],[261,0.21525047719478607],[262,0.2165202647447586],[263,0.1883401870727539],[264,0.2284587025642395],[265,0.1727934032678604],[266,0.22554104030132294],[267,0.2159346640110016],[268,0.23889413475990295],[269,0.2345072627067566],[270,0.2623593211174011],[271,0.1955968588590622],[272,0.18820081651210785],[273,0.24136017262935638],[274,0.2148216962814331],[275,0.20030774176120758],[276,0.2140611708164215],[277,0.2350919246673584],[278,0.18842187523841858],[279,0.21047313511371613],[280,0.21513713896274567],[281,0.18540352582931519],[282,0.22215069830417633],[283,0.203399658203125],[284,0.21558600664138794],[285,