{"test/direct_median":[[2,6272.914306640625]],"test/plan_median":[[2,2434.2173614501953]],"train/samples_per_sec":[[1,0.4566142005672543],[2,11.241541982624133]],"val/loss":[[2,3.413170804832088e10]],"train/loss":[[1,2.7359707136e11],[2,2.73596530688e11]],"train/epoch_seconds":[[1,65.7009789943695],[2,2.668673038482666]],"train/loss_ma":[[1,2.7359707136e11],[2,2.73596801024e11]],"test/direct_mae":[[2,1.6076344250488281e6]],"test/plan_mae":[[2,1.6067400408424377e6]],"train/epoch_loss":[[1,2.7359707136e11],[2,2.7359652959573334e11]]}