{"train/samples_per_sec":[[10,6.263401722612282],[20,7.10666996449786],[30,7.068618117007857],[40,7.155343886509163],[50,7.125214063697855],[60,6.310235671523773],[70,7.522046391605532],[80,7.169048228267556],[90,7.507224732626111],[100,8.209052168105236],[110,8.29567421636976],[120,7.952355608420794],[130,7.269979459376674],[140,6.7517753676835035],[150,7.042694598686175],[160,7.117819384921297],[170,7.119135161208633],[180,6.811230169386622],[190,6.650856408538744],[200,6.632133161304621],[210,7.124193463103947],[220,7.515198719238251],[230,7.217180007169166],[240,7.087991196070912],[250,7.10376005840717],[260,6.901662788551912],[270,6.878935981067777],[280,6.284068668815344],[290,6.593179647230302],[300,7.561218081993213]],"val/loss":[[100,953926.7750473869],[200,942705.0688537598],[300,952157.7975097656]],"train/loss":[[1,4.250120150042042e25],[2,2.69686144e8],[3,1.116771584e9],[4,1.08770373926912e14],[5,3.90141018112e11],[6,4.7005430710272e13],[7,7.9334055936e10],[8,1.4692402367299584e16],[9,3.802023936e10],[10,9.4050616e7],[11,4.55299e6],[12,4.250120150042042e25],[13,1.4801172414070784e16],[14,3.6065394688e10],[15,1.16141225e6],[16,3.327507968e9],[17,8.2111576e7],[18,3.90115262464e11],[19,2.9196546e7],[20,2.2285762e7],[21,2.89077e7],[22,4.6946828288e11],[23,1.08770449424384e14],[24,4.250120150042042e25],[25,3.8011035648e10],[26,4.4035464e7],[27,6.7951825e6],[28,2.40113008e8],[29,1.4692405588525056e16],[30,9422.7001953125],[31,5.7847835e6],[32,1.8442856e7],[33,4.250120150042042e25],[34,1.4692412030976e16],[35,3.35682592e8],[36,4.7039366823936e13],[37,4.2632608e7],[38,1.08771355394048e14],[39,4.72657395712e11],[40,1.17620425e6],[41,1.4692415252201472e16],[42,7.304552e6],[43,7.943602176e10],[44,3.9006011392e11],[45,8.865539e6],[46,4.7039480070144e13],[47,1.08774777946112e14],[48,4.250120150042042e25],[49,2.6213294e7],[50,961889.5625],[51,4.7002851213312e13],[52,6.189034e7],[53,4.27811209216e11],[54,1.4472667e7],[55,4.1883064e7],[56,7.9294021632e10],[57,3.29488725e6],[58,4.250120150042042e25],[59,1.087826296832e14],[60,2.3009442e7],[61,3.1934714e7],[62,8.2279022592e10],[63,1.0878212636672e14],[64,5.5625332e7],[65,1.10173184e9],[66,3.9408116e7],[67,4.250120150042042e25],[68,8.3438392e7],[69,4.6985721675776e13],[70,5.22250208e8],[71,7.1946232e7],[72,1.4801548223709184e16],[73,2.93440416e8],[74,7.860711424e10],[75,3.8846775296e11],[76,8.1048008e7],[77,8.250316e7],[78,4.250120150042042e25],[79,3.16820608e9],[80,1.25229410025472e14],[81,1.4693182977605632e16],[82,3.40199808e8],[83,3.3854633984e10],[84,7.7908303872e10],[85,4.250120150042042e25],[86,1.50975552e9],[87,1.08911176712192e14],[88,4.6920202452992e13],[89,1.294215552e9],[90,1.597202048e9],[91,1.295459456e9],[92,3.737429504e9],[93,4.60276400128e11],[94,1.4693851918761984e16],[95,1.08898811904e14],[96,1.130462208e9],[97,4.250120150042042e25],[98,3.4722422784e10],[99,4.685402472448e13],[100,4.098918656e9],[101,1.469511786037248e16],[102,4.250120150042042e25],[103,1.1512444928e10],[104,4.6747149664256e13],[105,1.1746664448e10],[106,1.3713297408e10],[107,1.07507064832e11],[108,1.09573365039104e14],[109,1.227776e10],[110,1.2456936448e10],[111,3.9444381696e10],[112,1.205328896e10],[113,1.2176605184e10],[114,8.0053346304e10],[115,4.6746428243968e13],[116,1.2974209024e10],[117,1.1780185088e10],[118,4.250120150042042e25],[119,1.4700709907791872e16],[120,3.4622824448e10],[121,3.3355372544e10],[122,3.3316298752e10],[123,3.3442940928e10],[124,5.7616687104e10],[125,3.2935716864e10],[126,3.2835387392e10],[127,4.659087409152e13],[128,1.4700301885898752e16],[129,1.09921458716672e14],[130,1.1333653733445445e26],[131,4.0685633536e11],[132,8.6232301568e10],[133,1.4704978031542272e16],[134,1.33944713216e11],[135,9.6013770752e10],[136,8.4878639104e10],[137,4.250120150042042e25],[138,1.87126759424e11],[139,1.10673765859328e14],[140,1.2265902309376e14],[141,1.88137832448e11],[142,1.9789103104e11],[143,1.4711470948352e16],[144,1.88579069952e11],[145,1.92189251584e11],[146,4.89852928e11],[147,4.250120150042042e25],[148,3.59465713664e11],[149,4.585462693888e13],[150,2.971320451072e14],[151,1.4720338982076416e16],[152,6.55104344064e11],[153,1.11688510603264e14],[154,4.17788362752e11],[155,4.04567293952e11],[156,4.250120150042042e25],[157,7.22363809792e11],[158,4.5595720941568e13],[159,8.45522927616e11],[160,8.4794277888e11],[161,8.46224293888e11],[162,4.5634157543424e13],[163,4.250120150042042e25],[164,1.6167337984e12],[165,1.15127797940224e14],[166,1.548020219904e12],[167,1.534211784704e12],[168,1.590304964608e12],[169,1.4746793833136128e16],[170,1.377884700672e12],[171,1.486748254208e12],[172,1.527402463232e12],[173,1.553988714496e12],[174,4.250120150042042e25],[175,1.60864963395584e14],[176,2.808325865472e12],[177,2.754328395776e12],[178,2.80827789312e12],[179,2.836445528064e12],[180,2.64202354688e12],[181,2.73451843584e12],[182,2.79782227968e12],[183,2.716736684032e12],[184,1.18061201883136e14],[185,2.790955155456e12],[186,1.476616735686656e16],[187,4.5681125359616e13],[188,2.716818997248e12],[189,4.250120150042042e25],[190,4.490700259328e12],[191,1.22216616296448e14],[192,4.927125454848e12],[193,4.250119227704838e25],[194,7.695274344448e12],[195,7.86546556928e12],[196,6.784725024768e12],[197,4.7441772544e13],[198,6.408282046464e12],[199,1.48037053710336e16],[200,5.959816577024e12],[201,5.950329585664e12],[202,1.480119281516544e16],[203,5.85652502528e12],[204,5.66820077568e12],[205,5.538694823936e12],[206,4.6896949231616e13],[207,5.662214979584e12],[208,4.250119227704838e25],[209,1.28899300196352e14],[210,9.035038326784e12],[211,8.851363463168e12],[212,9.085763190784e12],[213,4.8755164315648e13],[214,1.29336682217472e14],[215,1.4827512374755328e16],[216,8.44290850816e12],[217,9.084955787264e12],[218,8.893053796352e12],[219,8.581308481536e12],[220,1.1333650966433834e26],[221,4.250119227704838e25],[222,5.5638226894848e13],[223,1.4898961303207936e16],[224,1.841690574848e13],[225,1.9666596528128e13],[226,1.9183272198144e13],[227,1.45624439717888e14],[228,1.9517505798144e13],[229,1.9605175140352e13],[230,2.0413901963264e13],[231,1.9886323531776e13],[232,1.4525998825472e14],[233,1.8994264276992e13],[234,1.9925422833664e13],[235,1.9576205082624e13],[236,1.863923531776e13],[237,5.5959233757184e13],[238,4.250119227704838e25],[239,1.4947471885074432e16],[240,2.762369662976e13],[241,1.58858542579712e14],[242,2.8322293612544e13],[243,2.9121591640064e13],[244,2.7720006238208e13],[245,2.9370569719808e13],[246,6.2420873641984e13],[247,2.9236505083904e13],[248,4.250119227704838e25],[249,1.497819915485184e16],[250,4.3516377956352e13],[251,4.1495000252416e13],[252,4.1935880323072e13],[253,1.513804710019072e16],[254,4.1591330832384e13],[255,4.1288871182336e13],[256,4.250118305367635e25],[257,5.5385968869376e13],[258,5.7108548550656e13],[259,5.9532080316416e13],[260,5.77281982464e13],[261,5.5357246275584e13],[262,4.250118305367635e25],[263,7.7250045149184e13],[264,1.06490283163648e14],[265,8.0969084174336e13],[266,7.9150769504256e13],[267,7.6741804556288e13],[268,8.1071475523584e13],[269,1.5151328212811776e16],[270,4.65026410348544e14],[271,8.1610007379968e13],[272,1.07110721388544e14],[273,8.0960645234688e13],[274,7.8324701331456e13],[275,7.5854549876736e13],[276,7.8747017412608e13],[277,2.24373520728064e14],[278,7.7928079556608e13],[279,4.250118305367635e25],[280,1.00337037869056e14],[281,4.250117383030431e25],[282,1.38173812310016e14],[283,1.641239543808e14],[284,1.51978508288e14],[285,1.50144439812096e14],[286,3.07505129324544e14],[287,1.46042091732992e14],[288,1.47864885919744e14],[289,1.37945424068608e14],[290,1.39523052797952e14],[291,1.46921318514688e14],[292,1.33434223624192e14],[293,3.08233092726784e14],[294,1.5371772777988096e16],[295,1.48590081081344e14],[296,1.42844673130496e14],[297,1.4436987305984e14],[298,4.250117383030431e25],[299,1.934127792128e14],[300,1.84256160595968e14]],