{"train/samples_per_sec":[[10,3.618277512622961],[20,6.836196581355157],[30,7.253958971060548],[40,7.290975207984591],[50,6.857413266004251],[60,6.9996915841890885],[70,6.930276977013301],[80,7.010910792994048],[90,7.074949251798221],[100,8.04485638187806],[110,7.967075354383157],[120,8.336010386411663],[130,8.620401339453808],[140,7.181257215621681],[150,7.073805680215177],[160,6.59633321096245],[170,7.169079229966794],[180,7.402116617783315],[190,7.199823701216362],[200,7.382462518765039],[210,7.416963395906759],[220,7.374281784148897],[230,7.048433789024141],[240,7.117438068649904],[250,7.293900087767395],[260,7.012174441517053],[270,7.069457345153502],[280,7.125169762617898],[290,7.179855941627974],[300,6.824138492181656]],"val/loss":[[100,0.5883035778999328],[200,0.6090716997782389],[300,0.6134693145751953]],"train/loss":[[1,0.6139582395553589],[2,0.5165887475013733],[3,0.49633169174194336],[4,0.4759168326854706],[5,0.49096354842185974],[6,0.46901583671569824],[7,0.45399391651153564],[8,0.4733545780181885],[9,0.4354721009731293],[10,0.43778565526008606],[11,0.4495798349380493],[12,0.4469713270664215],[13,0.438138872385025],[14,0.43761342763900757],[15,0.4485781788825989],[16,0.4245043396949768],[17,0.42305177450180054],[18,0.4414404630661011],[19,0.41193220019340515],[20,0.46309694647789],[21,0.39767032861709595],[22,0.4210699796676636],[23,0.41977524757385254],[24,0.413316547870636],[25,0.40008798241615295],[26,0.41882553696632385],[27,0.4188576340675354],[28,0.39195874333381653],[29,0.42657706141471863],[30,0.3995252549648285],[31,0.4068344831466675],[32,0.396390825510025],[33,0.42390769720077515],[34,0.38279637694358826],[35,0.3861847519874573],[36,0.3777170181274414],[37,0.40405064821243286],[38,0.4032492935657501],[39,0.3917539417743683],[40,0.37532100081443787],[41,0.3803459107875824],[42,0.3817647397518158],[43,0.3679845333099365],[44,0.39380282163619995],[45,0.3952105939388275],[46,0.3663412034511566],[47,0.36547520756721497],[48,0.3671899735927582],[49,0.38239291310310364],[50,0.43507254123687744],[51,0.3774871528148651],[52,0.37548768520355225],[53,0.36410602927207947],[54,0.3613556921482086],[55,0.35038504004478455],[56,0.356228768825531],[57,0.37739333510398865],[58,0.3559585213661194],[59,0.3346445560455322],[60,0.38003358244895935],[61,0.3485087752342224],[62,0.33645570278167725],[63,0.3268270194530487],[64,0.3416931629180908],[65,0.3512740731239319],[66,0.36560019850730896],[67,0.40566322207450867],[68,0.348522812128067],[69,0.3573325574398041],[70,0.24517036974430084],[71,0.31523430347442627],[72,0.30051425099372864],[73,0.30124226212501526],[74,0.3055778443813324],[75,0.3485884368419647],[76,0.3412570357322693],[77,0.31373557448387146],[78,0.3121514916419983],[79,0.294024258852005],[80,0.28333690762519836],[81,0.3303772807121277],[82,0.28292587399482727],[83,0.29894930124282837],[84,0.31992092728614807],[85,0.2835116684436798],[86,0.34224921464920044],[87,0.33808010816574097],[88,0.2653607726097107],[89,0.2797260284423828],[90,0.3281829059123993],[91,0.292423814535141],[92,0.27747249603271484],[93,0.2852866053581238],[94,0.3024872839450836],[95,0.28299951553344727],[96,0.28180426359176636],[97,0.27635079622268677],[98,0.2873307466506958],[99,0.2942577600479126],[100,0.3012841045856476],[101,0.24712182581424713],[102,0.2885739803314209],[103,0.2936408221721649],[104,0.27866628766059875],[105,0.2948465049266815],[106,0.30050456523895264],[107,0.2563549280166626],[108,0.2943449318408966],[109,0.2861175537109375],[110,0.2967357337474823],[111,0.25086426734924316],[112,0.2626338303089142],[113,0.23570550978183746],[114,0.28060320019721985],[115,0.27153655886650085],[116,0.28047817945480347],[117,0.2863537669181824],[118,0.25265562534332275],[119,0.26982569694519043],[120,0.3223702907562256],[121,0.24132753908634186],[122,0.245497927069664],[123,0.2582992613315582],[124,0.30594003200531006],[125,0.2671276926994324],[126,0.2626347243785858],[127,0.24723193049430847],[128,0.2470933198928833],[129,0.3010895848274231],[130,0.2736681401729584],[131,0.2790372371673584],[132,0.23893438279628754],[133,0.2986657917499542],[134,0.23884062469005585],[135,0.2758773863315582],[136,0.23858579993247986],[137,0.23003935813903809],[138,0.2525935173034668],[139,0.2706768810749054],[140,0.24979257583618164],[141,0.24990883469581604],[142,0.23268701136112213],[143,0.23602472245693207],[144,0.2268209457397461],[145,0.2765849232673645],[146,0.27403685450553894],[147,0.27384325861930847],[148,0.24518683552742004],[149,0.29263755679130554],[150,0.30197441577911377],[151,0.23809988796710968],[152,0.23593094944953918],[153,0.21534600853919983],[154,0.24091970920562744],[155,0.29198986291885376],[156,0.23924167454242706],[157,0.2847127914428711],[158,0.24699638783931732],[159,0.26629963517189026],[160,0.27629926800727844],[161,0.2593294680118561],[162,0.23021328449249268],[163,0.2501147985458374],[164,0.24371258914470673],[165,0.2725473940372467],[166,0.2530107796192169],[167,0.2703634202480316],[168,0.3059643805027008],[169,0.33027100563049316],[170,0.32166194915771484],[171,0.2602671682834625],[172,0.2581561207771301],[173,0.26053038239479065],[174,0.24950824677944183],[175,0.2638397514820099],[176,0.27037838101387024],[177,0.2497907429933548],[178,0.2708170413970947],[179,0.2544326186180115],[180,0.2888692021369934],[181,0.27086853981018066],[182,0.27064669132232666],[183,0.2299928218126297],[184,0.22568951547145844],[185,0.28292495012283325],[186,0.27065131068229675],[187,0.2646159529685974],[188,0.27476996183395386],[189,0.2822546064853668],[190,0.26021865010261536],[191,0.2861795425415039],[192,0.28528860211372375],[193,0.28290075063705444],[194,0.2663779854774475],[195,0.3075696527957916],[196,0.29889169335365295],[197,0.26010021567344666],[198,0.28128230571746826],[199,0.32376691699028015],[200,0.2800643742084503],[201,0.28151845932006836],[202,0.323326051235199],[203,0.3537609875202179],[204,0.30157753825187683],[205,0.3489857614040375],[206,0.2838611900806427],[207,0.26240435242652893],[208,0.2949828803539276],[209,0.29164764285087585],[210,0.2961088716983795],[211,0.23406240344047546],[212,0.3571966886520386],[213,0.31315699219703674],[214,0.2770352363586426],[215,0.31770065426826477],[216,0.27769631147384644],[217,0.26906818151474],[218,0.2827545404434204],[219,0.29018643498420715],[220,0.31090548634529114],[221,0.3080569803714752],[222,0.26971977949142456],[223,0.292705237865448],[224,0.2766551375389099],[225,0.28180861473083496],[226,0.24373701214790344],[227,0.27014943957328796],[228,0.295428067445755],[229,0.2632112503051758],[230,0.30784448981285095],[231,0.29834258556365967],[232,0.28984320163726807],[233,0.28631308674812317],[234,0.3160822093486786],[235,0.31745362281799316],[236,0.31191548705101013],[237,0.3257274627685547],[238,0.27083057165145874],[239,0.3185027837753296],[240,0.22070343792438507],[241,0.26014819741249084],[242,0.30946144461631775],[243,0.28490543365478516],[244,0.3688225746154785],[245,0.25706326961517334],[246,0.2863181531429291],[247,0.32885560393333435],[248,0.29413890838623047],[249,0.32732734084129333],[250,0.33437252044677734],[251,0.3622497320175171],[252,0.32223013043403625],[253,0.3390815258026123],[254,0.3794460892677307],[255,0.3480818271636963],[256,0.27152350544929504],[257,0.2603808641433716],[258,0.28083333373069763],[259,0.31302309036254883],[260,0.3161862790584564],[261,0.35616496205329895],[262,0.3649229109287262],[263,0.35862043499946594],[264,0.3650745451450348],[265,0.3612675964832306],[266,0.30720505118370056],[267,0.3042049705982208],[268,0.31161707639694214],[269,0.31250959634780884],[270,0.44341424107551575],[271,0.2825013995170593],[272,0.32687652111053467],[273,0.3596515953540802],[274,0.31295716762542725],[275,0.38578155636787415],[276,0.35026994347572327],[277,0.31715914607048035],[278,0.33186954259872437],[279,0.31817200779914856],[280,0.3446447551250458],[281,0.32464614510536194],[282,0.3868161737918854],[283,0.35070157051086426],[284,0.42867588996887207],[285,0.3596481382846832],[286,